{
  "best_order": [
    5,
    0,
    0
  ],
  "metrics": {
    "mae": 1739.281673352921,
    "rmse": 2668.983100600071,
    "mape_percent": 1203076257141.2122,
    "r2": -0.10721795141744317
  },
  "stationarity": {
    "adf_statistic": -6.079995871199556,
    "p_value": 1.098038743628022e-07,
    "is_stationary": true,
    "critical_values": {
      "1%": -3.4361708439503587,
      "5%": -2.86411024137968,
      "10%": -2.5681384677365924
    }
  },
  "aic": 20725.417905521972,
  "bic": 20760.701660253482,
  "train_size": 1142,
  "test_size": 286
}